window_id,start_cycle,end_cycle,win_cycles,A,M,miss_rate,acc_per_1kcyc,read_frac,mram_hit_frac,mlp_hit,mlp_miss,stall_per_1kcyc,mpkc,std5,std5_norm,wave_done
0,1,200001,200000.0,10660,10092,0.9467166979362102,53.3,0.9467166979362102,0.6602112676056338,1.0,1.063628,5794.444401614098,50.46,20.155803940800773,0.5505846793269442,1
1,200001,400001,200000.0,13157,10198,0.7751007068480656,65.785,0.7752527171847685,0.4663737749239608,1.0,1.061691,6085.749663960607,50.99,20.155803940800773,0.5505846793269442,1
2,400001,600001,200000.0,13380,10290,0.7690582959641256,66.9,0.7691330343796712,0.4488673139158576,1.0,1.068969,6099.890797226112,51.45,20.155803940800773,0.5505846793269442,1
3,600001,800001,200000.0,5406,4265,0.7889382167961524,27.03,0.7889382167961524,0.4899211218229623,1.0,2.174683,1303.6256389276045,21.325,21.580278786429055,0.7636874083951113,1
4,800001,1000001,200000.0,2194,1763,0.8035551504102096,10.97,0.8035551504102096,0.6125290023201856,1.0,2.258114,528.0855001651821,8.815,18.512944457865146,0.934997194841674,1
5,1000001,1200001,200000.0,2081,1742,0.8370975492551658,10.405,0.8370975492551658,0.4277286135693215,1.0,2.257063,496.52327369683525,8.71,5.702156828779763,0.5120471290211712,1
6,1200001,1400001,200000.0,2129,1740,0.8172851103804603,10.645,0.8172851103804603,0.5732647814910026,1.0,2.296589,505.1625068046568,8.7,0.3477606935806134,0.04096121243587908,1
7,1400001,1600001,200000.0,1915,1626,0.8490861618798956,9.575,0.8490861618798956,0.4809688581314879,1.0,2.239092,467.7447078369268,8.13,0.3051720826020446,0.0361535460966763,1
8,1600001,1800001,200000.0,1932,1619,0.837991718426501,9.66,0.837991718426501,0.5431309904153354,1.0,2.158032,489.0327839438897,8.095,0.3137753973779148,0.037808820023848035,1
9,1800001,2000001,200000.0,2050,1714,0.8360975609756097,10.25,0.8360975609756097,0.4017857142857143,1.0,2.256669,486.9349777481766,8.57,0.21999999999924535,0.026812918951766643,1
10,2000001,2200001,200000.0,1817,1600,0.8805723720418271,9.085,0.8811227297743534,0.7788018433179723,1.0,2.208641,473.1252792192122,8.0,0.2348403713156414,0.028413838029720674,1
11,2200001,2400001,200000.0,1918,1646,0.8581856100104275,9.59,0.8581856100104275,0.6102941176470589,1.0,2.255626,475.8180041904111,8.23,0.21524404753597434,0.02588934899398296,1
12,2400001,2600001,200000.0,2048,1686,0.8232421875,10.24,0.8232421875,0.6049723756906077,1.0,2.315586,486.50187619030345,8.43,0.20107212636183217,0.024213888049353583,1
13,2600001,2800001,200000.0,1952,1668,0.8545081967213115,9.76,0.8545081967213115,0.4471830985915493,1.0,2.213789,481.52252299564236,8.34,0.11819475453534088,0.014067454717369776,1
14,2800001,3000001,200000.0,1938,1704,0.8792569659442725,9.69,0.8792569659442725,0.34615384615384615,1.0,2.300248,463.7753926359245,8.52,0.07965550828204015,0.009412207052113927,1
15,3000001,3200001,200000.0,1879,1698,0.903672166045769,9.395,0.903672166045769,0.4143646408839779,1.0,2.237696,473.3073589978263,8.49,0.09789024466038779,0.011519209774110119,1
16,3200001,3400001,200000.0,2020,1707,0.845049504950495,10.1,0.845049504950495,0.7060702875399361,1.0,2.328516,489.937130739063,8.535,0.07458216944867814,0.008707783940301007,1
17,3400001,3600001,200000.0,1930,1721,0.8917098445595855,9.65,0.8917098445595855,0.6698564593301436,1.0,2.238139,493.7033317412369,8.605,0.18232525880873107,0.02144750721194343,1
18,3600001,3800001,200000.0,1981,1735,0.8758202927814235,9.905,0.8758202927814235,0.5691056910569106,1.0,2.304702,483.9909114497233,8.675,0.23985412233203365,0.028438952138016792,1
19,3800001,4000001,200000.0,1886,1640,0.8695652173913043,9.43,0.8695652173913043,0.25203252032520324,1.0,2.410859,423.15378740938394,8.2,0.23884095126185997,0.028325539760657024,1
20,4000001,4200001,200000.0,1907,1631,0.8552700576822234,9.535,0.8552700576822234,0.47101449275362317,1.0,2.240738,466.7868830715595,8.155,0.2199602236761672,0.026257636824181356,1
21,4200001,4400001,200000.0,2047,1705,0.8329262335124572,10.235,0.8329262335124572,0.36257309941520466,1.0,2.30791,472.01571326438204,8.525,0.16980135452836687,0.020552088420281632,1
22,4400001,4600001,200000.0,2033,1666,0.8194786030496802,10.165,0.8194786030496802,0.6566757493188011,1.0,2.307511,487.65801472669045,8.33,0.16820374549833436,0.020292405054691084,1
23,4600001,4800001,200000.0,1947,1620,0.8320493066255779,9.735,0.8320493066255779,0.7553516819571865,1.0,2.263166,485.25845671064343,8.1,0.20852457888620232,0.025251220499661213,1
24,4800001,5000001,200000.0,2047,1667,0.8143624816805081,10.235,0.8143624816805081,0.5763157894736842,1.0,2.268466,490.5644130791469,8.335,0.14777516706019025,0.01806542384598903,1
25,5000001,5200001,200000.0,1895,1600,0.8443271767810027,9.475,0.8443271767810027,0.43389830508474575,1.0,2.243085,457.5686046672328,8.0,0.12436840434638875,0.015252441053027808,1
26,5200001,5400001,200000.0,1871,1627,0.8695884553714591,9.355,0.8695884553714591,0.5122950819672131,1.0,2.346359,444.93569504922306,8.135,0.12077872329043303,0.014783197465169281,1
27,5400001,5600001,200000.0,2065,1640,0.7941888619854721,10.325,0.7941888619854721,0.48470588235294115,1.0,2.300604,474.45947815443253,8.2,0.2142603556416054,0.02607208026790039,1
28,5600001,5800001,200000.0,2042,1636,0.801175318315377,10.21,0.801175318315377,0.35467980295566504,1.0,2.285961,462.5149967475386,8.18,0.18209200970846456,0.02206640931997874,1
29,5800001,6000001,200000.0,1997,1715,0.8587881822734101,9.985,0.8587881822734101,0.524822695035461,1.0,2.361078,469.83060266539263,8.575,0.19664689166032437,0.023873605883249292,1
30,6000001,6200001,200000.0,1918,1634,0.8519290928050052,9.59,0.8519290928050052,0.5950704225352113,1.0,2.21689,480.89529484999264,8.17,0.32439559183143685,0.038794019592374655,1
31,6200001,6400001,200000.0,1897,1612,0.8497627833421192,9.485,0.8497627833421192,0.5964912280701754,1.0,2.213326,475.8460309958859,8.06,0.3450108693935131,0.04137813257298071,1
32,6400001,6600001,200000.0,2152,1765,0.8201672862453532,10.76,0.8201672862453532,0.45219638242894056,1.0,2.368714,487.06829486379524,8.825,0.3832003392478512,0.04576072835536795,1
33,6600001,6800001,200000.0,1926,1612,0.8369678089304258,9.63,0.8369678089304258,0.5414012738853503,1.0,2.282638,462.5326754395573,8.06,0.3838717233655904,0.04584637804437959,1
34,6800001,7000001,200000.0,2121,1751,0.8255539839698256,10.605,0.8255539839698256,0.44054054054054054,1.0,2.352005,484.03166630172984,8.755,0.341840606130502,0.04042580488771311,1
35,7000001,7200001,200000.0,1925,1633,0.8483116883116883,9.625,0.8483116883116883,0.5308219178082192,1.0,2.26905,467.350038562394,8.165,0.2735507265566456,0.03266667381856289,1
36,7200001,7400001,200000.0,2141,1695,0.7916861279775805,10.705,0.7916861279775805,0.4910313901345291,1.0,2.365848,479.47989754202297,8.475,0.3327461494888691,0.03991197666892996,1
37,7400001,7600001,200000.0,2010,1683,0.8373134328358209,10.05,0.8373134328358209,0.6605504587155964,1.0,2.242443,499.33349091147466,8.415,0.3406904753580123,0.04084038304459509,1
38,7600001,7800001,200000.0,1903,1575,0.8276405675249606,9.515,0.8276405675249606,0.6402439024390244,1.0,2.236015,470.23561693459123,7.875,0.3609120391448149,0.04339449791328783,1
39,7800001,8000001,200000.0,1998,1756,0.8788788788788788,9.99,0.8788788788788788,0.512396694214876,1.0,2.37615,472.164371777876,8.78,0.35045327791257486,0.042294626829902836,1
40,8000001,8200001,200000.0,1875,1608,0.8576,9.375,0.8576,0.39325842696629215,1.0,2.211694,460.78080032771265,8.04,0.3465436480440357,0.041873326249883484,1
41,8200001,8400001,200000.0,1993,1664,0.8349222277972905,9.965,0.8349222277972905,0.7051671732522796,1.0,2.283087,489.80032757402586,8.32,0.30630050603887116,0.03687257807137007,1
42,8400001,8600001,200000.0,1986,1673,0.8423967774420946,9.93,0.8423967774420946,0.5846645367412141,1.0,2.346451,469.4809809623129,8.365,0.1687601848768495,0.02053293404025423,1
43,8600001,8800001,200000.0,2051,1606,0.7830326669917114,10.255,0.7830326669917114,0.5213483146067416,1.0,2.260756,478.6898657971051,8.03,0.13729530217625205,0.016631774945639256,1
44,8800001,9000001,200000.0,1907,1668,0.8746722600943891,9.535,0.8746722600943891,0.4435146443514644,1.01195,2.348005,450.69958349208326,8.34,0.18185158783928332,0.02222309517772007,1
45,9000001,9200001,200000.0,1973,1644,0.833248859604663,9.865,0.833248859604663,0.3708206686930091,1.01645,2.300178,456.671459029655,8.22,0.25955731544240485,0.03153028613245929,1
46,9200001,9400001,200000.0,1867,1592,0.8527048741296197,9.335,0.8527048741296197,0.4072727272727273,1.01375,2.282108,444.2613802385407,7.96,0.23733941939692071,0.028591665991678197,1
47,9400001,9600001,200000.0,2079,1722,0.8282828282828283,10.395,0.8282828282828283,0.44537815126050423,1.01785,2.350832,475.33554155608795,8.61,0.2593356897915653,0.031099135362941035,1
48,9600001,9800001,200000.0,1931,1675,0.8674262040393579,9.655,0.8674262040393579,0.54296875,1.0128,2.25282,477.7880932674966,8.375,0.2617728022535327,0.031406454979428046,1
49,9800001,10000001,200000.0,2148,1706,0.7942271880819367,10.74,0.7942271880819367,0.5497737556561086,1.0221,2.408763,478.66898165453296,8.53,0.15721800151275928,0.01864097717723017,1
50,10000001,10200001,200000.0,1887,1640,0.8691043985161632,9.435,0.8691043985161632,0.4817813765182186,1.01231,2.224397,469.70327755705557,8.2,0.15445873235160926,0.018318160857638672,1
51,10200001,10400001,200000.0,2106,1691,0.8029439696106363,10.53,0.8029439696106363,0.3855421686746988,2.02075,2.263274,467.2022001115865,8.455,0.15445873235160926,0.018318160857638672,1
52,10400001,10600001,200000.0,2096,1720,0.8206106870229007,10.48,0.8206106870229007,0.48138297872340424,2.0188,2.354319,459.52905036712787,8.6,0.15445873235160926,0.018318160857638672,1
